read	V	J	dataset	coverage
CGGGGGGGGGGGGGAGC	IGHV1-69D*01	IGHJ4*02	11	<function coverage at 0x7f0699b9e730>
AGGGGGGGGGGGGAGC	IGHV1-69*01	IGHJ4*02	11	<function coverage at 0x7f0699b9e730>
AGGGGGGGGGGGGAGC	IGHV1-69*06	IGHJ4*02	11	<function coverage at 0x7f0699b9e730>
AGGGGGGGGGGGGAGC	IGHV1-69D*01	IGHJ4*02	11	<function coverage at 0x7f0699b9e730>
CGGGGGGGGGGGGAGC	IGHV1-69*01	IGHJ4*02	11	<function coverage at 0x7f0699b9e730>
TTGGGGGGGGGGGAGC	IGHV1-69D*01	IGHJ3*02	16	<function coverage at 0x7f0699b9e730>
GTTTGGGGGGGGGGGTGG	IGHV1-2*02	IGHJ3*02	16	<function coverage at 0x7f0699b9e730>
TGGGGGGGGGGAGCTAC	IGHV1-18*01	IGHJ4*02	15	<function coverage at 0x7f0699b9e730>
CGGGGGGGGGGTGG	IGHV4-39*07	IGHJ6*03	10	<function coverage at 0x7f0699b9e730>
CGGGGGGGGGGTGG	IGHV3-66*01	IGHJ4*02	15	<function coverage at 0x7f0699b9e730>
CGGGGGGGGGGTGG	IGHV1-2*02	IGHJ3*02	0	<function coverage at 0x7f0699b9e730>
CGGGGGGGGGGTGG	IGHV3-66*04	IGHJ4*02	15	<function coverage at 0x7f0699b9e730>
CGGGGGGGGGGTGG	IGHV3-30-3*01	IGHJ4*02	0	<function coverage at 0x7f0699b9e730>
TGGGGGGGGGGTGG	IGHV3-30-3*01	IGHJ4*02	0	<function coverage at 0x7f0699b9e730>
TTGGGGGGGGGGTGG	IGHV1-2*02	IGHJ3*02	16	<function coverage at 0x7f0699b9e730>
AGGGGGGGGGGTGG	IGHV1-18*01	IGHJ4*02	5	<function coverage at 0x7f0699b9e730>
AGGGGGGGGGGTGG	IGHV5-51*01	IGHJ4*02	10	<function coverage at 0x7f0699b9e730>
CGGGGGGGGGGAGCTACTC	IGHV4-39*01	IGHJ4*02	5	<function coverage at 0x7f0699b9e730>
CGGGGGGGGGGAGCTAC	IGHV3-30*03	IGHJ1*01	5	<function coverage at 0x7f0699b9e730>
CGGGGGGGGGGAGC	IGHV1-2*04	IGHJ4*02	5	<function coverage at 0x7f0699b9e730>
TGGGGGGGGGAGCT	IGHV4-34*02	IGHJ6*02	5	<function coverage at 0x7f0699b9e730>
TTGGGGGGGGGAGC	IGHV4-59*01	IGHJ6*02	16	<function coverage at 0x7f0699b9e730>
TGGGGGGGGGAGCTAC	IGHV1-18*01	IGHJ4*02	15	<function coverage at 0x7f0699b9e730>
TTGGGGGGGGGAGCT	IGHV3-48*04	IGHJ6*04	13	<function coverage at 0x7f0699b9e730>
CGGGGGGGGGTGG	IGHV3-66*01	IGHJ4*02	15	<function coverage at 0x7f0699b9e730>
CGGGGGGGGGTGG	IGHV1-18*01	IGHJ5*02	5	<function coverage at 0x7f0699b9e730>
CGGGGGGGGGTGG	IGHV1-24*01	IGHJ5*02	5	<function coverage at 0x7f0699b9e730>
CGGGGGGGGGTGG	IGHV3-21*01	IGHJ5*02	17	<function coverage at 0x7f0699b9e730>
CGGGGGGGGGTGG	IGHV3-30-3*03	IGHJ4*02	6	<function coverage at 0x7f0699b9e730>
TTGGGGGGGGGTGG	IGHV1-2*02	IGHJ3*02	16	<function coverage at 0x7f0699b9e730>
TGGGGGGGGGTGG	IGHV4-30-4*02	IGHJ6*02	4	<function coverage at 0x7f0699b9e730>
TGGGGGGGGGTGG	IGHV1-18*01	IGHJ4*02	10	<function coverage at 0x7f0699b9e730>
TGGGGGGGGGTGG	IGHV3-30-3*01	IGHJ4*02	0	<function coverage at 0x7f0699b9e730>
TGGGGGGGGGTGG	IGHV3-53*04	IGHJ4*02	0	<function coverage at 0x7f0699b9e730>
AGGGGGGGGGAGC	IGHV3-7*01	IGHJ4*02	5	<function coverage at 0x7f0699b9e730>
AGGGGGGGGGAGCT	IGHV3-21*04	IGHJ2*01	9	<function coverage at 0x7f0699b9e730>
AGGGGGGGGGAGCTACTAC	IGHV1-69*10	IGHJ4*02	14	<function coverage at 0x7f0699b9e730>
AGGGGGGGGGAGCTAC	IGHV4-59*01	IGHJ5*02	5	<function coverage at 0x7f0699b9e730>
AGGGGGGGGGTGG	IGHV1-2*04	IGHJ6*02	5	<function coverage at 0x7f0699b9e730>
AGGGGGGGGGTGG	IGHV1-18*01	IGHJ4*02	5	<function coverage at 0x7f0699b9e730>
AGGGGGGGGGTGG	IGHV3-15*07	IGHJ6*02	12	<function coverage at 0x7f0699b9e730>
AGGGGGGGGGTGG	IGHV1-18*01	IGHJ4*01	5	<function coverage at 0x7f0699b9e730>
CGGGGGGGGGAGCTACT	IGHV1-18*01	IGHJ4*02	17	<function coverage at 0x7f0699b9e730>
CGGGGGGGGGAGCTACTC	IGHV4-39*01	IGHJ4*02	5	<function coverage at 0x7f0699b9e730>
CGGGGGGGGGAGC	IGHV1-2*05	IGHJ5*02	9	<function coverage at 0x7f0699b9e730>
CGGGGGGGGGAGCTA	IGHV5-51*01	IGHJ3*01	5	<function coverage at 0x7f0699b9e730>
CGGGGGGGGGAGC	IGHV1-69*04	IGHJ6*04	10	<function coverage at 0x7f0699b9e730>
TGGGGGGGGAGCTACTC	IGHV3-23*01	IGHJ4*02	16	<function coverage at 0x7f0699b9e730>
TGGGGGGGGAGCTACTC	IGHV3-53*04	IGHJ4*02	8	<function coverage at 0x7f0699b9e730>
TGGGGGGGGAGCT	IGHV4-59*08	IGHJ6*03	6	<function coverage at 0x7f0699b9e730>
TGGGGGGGGAGC	IGHV1-69*01	IGHJ4*02	11	<function coverage at 0x7f0699b9e730>
TGGGGGGGGAGCTACTC	IGHV3-74*01	IGHJ4*02	16	<function coverage at 0x7f0699b9e730>
TTGGGGGGGGAGC	IGHV3-30*14	IGHJ5*02	12	<function coverage at 0x7f0699b9e730>
TGGGGGGGGAGCTACTC	IGHV3-23D*01	IGHJ4*02	16	<function coverage at 0x7f0699b9e730>
TGGGGGGGGAGCTAC	IGHV3-23*04	IGHJ4*02	16	<function coverage at 0x7f0699b9e730>
TTGGGGGGGGAGCTA	IGHV1-69*10	IGHJ4*02	5	<function coverage at 0x7f0699b9e730>
TGGGGGGGGAGCTAC	IGHV1-69*04	IGHJ4*02	16	<function coverage at 0x7f0699b9e730>
TGGGGGGGGAGC	IGHV1-69D*01	IGHJ4*02	11	<function coverage at 0x7f0699b9e730>
TGGGGGGGGAGCTACTC	IGHV3-23*04	IGHJ4*02	16	<function coverage at 0x7f0699b9e730>
TGGGGGGGGAGCTACTC	IGHV3-23D*02	IGHJ4*02	16	<function coverage at 0x7f0699b9e730>
TTGGGGGGGGAGCTA	IGHV1-69*04	IGHJ4*02	5	<function coverage at 0x7f0699b9e730>
CGGGGGGGGTGG	IGHV3-30-5*01	IGHJ1*01	0	<function coverage at 0x7f0699b9e730>
CGGGGGGGGTGG	IGHV4-34*01	IGHJ4*02	17	<function coverage at 0x7f0699b9e730>
CGGGGGGGGTGG	IGHV3-21*02	IGHJ4*02	5	<function coverage at 0x7f0699b9e730>
CGGGGGGGGTGG	IGHV4-4*08	IGHJ3*02	10	<function coverage at 0x7f0699b9e730>
CGGGGGGGGTGG	IGHV3-30-3*01	IGHJ4*02	5	<function coverage at 0x7f0699b9e730>
CGGGGGGGGTGG	IGHV4-34*01	IGHJ4*02	9	<function coverage at 0x7f0699b9e730>
CGGGGGGGGTGG	IGHV3-23D*02	IGHJ4*02	10	<function coverage at 0x7f0699b9e730>
CGGGGGGGGTGG	IGHV3-23*01	IGHJ4*02	10	<function coverage at 0x7f0699b9e730>
TGGGGGGGGTGG	IGHV4-39*07	IGHJ4*02	8	<function coverage at 0x7f0699b9e730>
TTGGGGGGGGTGG	IGHV3-9*01	IGHJ6*04	0	<function coverage at 0x7f0699b9e730>
TTGGGGGGGGTGG	IGHV1-69*04	IGHJ3*02	5	<function coverage at 0x7f0699b9e730>
TTGGGGGGGGTGG	IGHV3-9*01	IGHJ6*02	0	<function coverage at 0x7f0699b9e730>
TGGGGGGGGTGG	IGHV3-7*01	IGHJ3*01	9	<function coverage at 0x7f0699b9e730>
TGGGGGGGGTGG	IGHV4-59*01	IGHJ4*02	5	<function coverage at 0x7f0699b9e730>
TGGGGGGGGTGG	IGHV4-59*08	IGHJ6*02	14	<function coverage at 0x7f0699b9e730>
TGGGGGGGGTGG	IGHV3-23*04	IGHJ4*02	17	<function coverage at 0x7f0699b9e730>
TTTGGGGGGGGTGG	IGHV1-8*01	IGHJ6*02	16	<function coverage at 0x7f0699b9e730>
TGGGGGGGGTGG	IGHV4-34*01	IGHJ4*02	8	<function coverage at 0x7f0699b9e730>
TGGGGGGGGTGG	IGHV3-30-3*01	IGHJ4*02	0	<function coverage at 0x7f0699b9e730>
TGGGGGGGGTGG	IGHV4-39*07	IGHJ4*02	5	<function coverage at 0x7f0699b9e730>
TGGGGGGGGTGG	IGHV4-4*08	IGHJ4*02	8	<function coverage at 0x7f0699b9e730>
TGGGGGGGGTGG	IGHV4-34*11	IGHJ6*02	14	<function coverage at 0x7f0699b9e730>
AGGGGGGGGAGC	IGHV3-21*04	IGHJ4*02	11	<function coverage at 0x7f0699b9e730>
AGGGGGGGGAGCTAC	IGHV3-23D*01	IGHJ4*02	13	<function coverage at 0x7f0699b9e730>
AGGGGGGGGAGCTACTA	IGHV3-48*03	IGHJ3*02	17	<function coverage at 0x7f0699b9e730>
AGGGGGGGGAGC	IGHV3-23D*02	IGHJ3*02	12	<function coverage at 0x7f0699b9e730>
AGGGGGGGGAGCTAC	IGHV4-61*01	IGHJ6*03	10	<function coverage at 0x7f0699b9e730>
AGGGGGGGGAGC	IGHV1-2*04	IGHJ3*02	5	<function coverage at 0x7f0699b9e730>
AGGGGGGGGAGCTACTC	IGHV3-30-3*03	IGHJ3*02	12	<function coverage at 0x7f0699b9e730>
AGGGGGGGGAGCTACTA	IGHV3-33*01	IGHJ3*02	17	<function coverage at 0x7f0699b9e730>
TAGGGGGGGGAGC	IGHV3-48*02	IGHJ4*02	6	<function coverage at 0x7f0699b9e730>
AGGGGGGGGAGCTAC	IGHV3-33*01	IGHJ6*02	5	<function coverage at 0x7f0699b9e730>
AGGGGGGGGAGCTACT	IGHV3-33*01	IGHJ5*02	15	<function coverage at 0x7f0699b9e730>
AGGGGGGGGTGG	IGHV1-18*01	IGHJ4*02	5	<function coverage at 0x7f0699b9e730>
AGGGGGGGGTGG	IGHV3-21*03	IGHJ1*01	9	<function coverage at 0x7f0699b9e730>
AGGGGGGGGTGG	IGHV1-2*04	IGHJ3*02	5	<function coverage at 0x7f0699b9e730>
TAGGGGGGGGTGG	IGHV3-30-3*03	IGHJ6*02	12	<function coverage at 0x7f0699b9e730>
TAGGGGGGGGTGG	IGHV4-34*01	IGHJ4*02	6	<function coverage at 0x7f0699b9e730>
AGGGGGGGGTGG	IGHV1-2*02	IGHJ3*02	0	<function coverage at 0x7f0699b9e730>
CGGGGGGGGAGCTAC	IGHV1-24*01	IGHJ3*02	6	<function coverage at 0x7f0699b9e730>
CGGGGGGGGAGCTACT	IGHV4-59*01	IGHJ4*02	8	<function coverage at 0x7f0699b9e730>
CGGGGGGGGAGC	IGHV1-69D*01	IGHJ3*02	16	<function coverage at 0x7f0699b9e730>
CGGGGGGGGAGC	IGHV1-2*02	IGHJ1*01	10	<function coverage at 0x7f0699b9e730>
TGGGGGGGAGC	IGHV1-69*04	IGHJ4*02	11	<function coverage at 0x7f0699b9e730>
TGGGGGGGAGCTA	IGHV3-23D*01	IGHJ4*02	5	<function coverage at 0x7f0699b9e730>
TGGGGGGGAGC	IGHV1-69*01	IGHJ4*02	11	<function coverage at 0x7f0699b9e730>
TGGGGGGGAGC	IGHV1-24*01	IGHJ4*02	11	<function coverage at 0x7f0699b9e730>
TGGGGGGGAGC	IGHV1-69*12	IGHJ4*02	11	<function coverage at 0x7f0699b9e730>
TGGGGGGGAGC	IGHV1-69*06	IGHJ4*02	11	<function coverage at 0x7f0699b9e730>
TGGGGGGGAGC	IGHV4-59*01	IGHJ4*02	11	<function coverage at 0x7f0699b9e730>
TTGGGGGGGAGCTAC	IGHV3-30-5*01	IGHJ6*02	11	<function coverage at 0x7f0699b9e730>
TGGGGGGGAGC	IGHV1-2*02	IGHJ4*02	15	<function coverage at 0x7f0699b9e730>
GTTTGGGGGGGAGC	IGHV3-33*01	IGHJ4*02	15	<function coverage at 0x7f0699b9e730>
TGGGGGGGAGCT	IGHV3-20*01	IGHJ4*02	5	<function coverage at 0x7f0699b9e730>
TGGGGGGGAGC	IGHV3-23*04	IGHJ6*02	5	<function coverage at 0x7f0699b9e730>
TGGGGGGGAGC	IGHV3-23*01	IGHJ6*02	5	<function coverage at 0x7f0699b9e730>
TGGGGGGGAGC	IGHV3-23D*01	IGHJ6*02	5	<function coverage at 0x7f0699b9e730>
TGGGGGGGAGCTACTC	IGHV3-23D*02	IGHJ4*02	10	<function coverage at 0x7f0699b9e730>
TGGGGGGGAGC	IGHV4-4*02	IGHJ4*02	4	<function coverage at 0x7f0699b9e730>
TGGGGGGGAGCTAC	IGHV3-30*04	IGHJ6*02	15	<function coverage at 0x7f0699b9e730>
TGGGGGGGAGCTA	IGHV3-23*01	IGHJ4*02	5	<function coverage at 0x7f0699b9e730>
TTTGGGGGGGAGCTAC	IGHV1-8*01	IGHJ4*02	14	<function coverage at 0x7f0699b9e730>
TGGGGGGGAGCTAC	IGHV3-33*01	IGHJ6*02	15	<function coverage at 0x7f0699b9e730>
TGGGGGGGAGCTA	IGHV3-48*01	IGHJ6*02	15	<function coverage at 0x7f0699b9e730>
TGGGGGGGAGC	IGHV1-69D*01	IGHJ4*03	11	<function coverage at 0x7f0699b9e730>
TGGGGGGGAGC	IGHV3-23D*02	IGHJ6*02	5	<function coverage at 0x7f0699b9e730>
TGGGGGGGAGCTAC	IGHV3-30-5*02	IGHJ4*02	12	<function coverage at 0x7f0699b9e730>
TTGGGGGGGAGC	IGHV4-34*01	IGHJ4*02	14	<function coverage at 0x7f0699b9e730>
TTGGGGGGGAGCT	IGHV1-18*01	IGHJ4*02	14	<function coverage at 0x7f0699b9e730>
TGGGGGGGAGC	IGHV1-69*05	IGHJ4*02	11	<function coverage at 0x7f0699b9e730>
TTGGGGGGGAGCTAC	IGHV1-18*01	IGHJ4*02	5	<function coverage at 0x7f0699b9e730>
TGGGGGGGAGC	IGHV3-74*01	IGHJ4*02	4	<function coverage at 0x7f0699b9e730>
TGGGGGGGAGCTA	IGHV3-23D*02	IGHJ4*02	5	<function coverage at 0x7f0699b9e730>
TGGGGGGGAGC	IGHV4-4*01	IGHJ4*02	4	<function coverage at 0x7f0699b9e730>
TGGGGGGGAGC	IGHV1-2*02	IGHJ4*02	11	<function coverage at 0x7f0699b9e730>
TGGGGGGGAGC	IGHV4-34*02	IGHJ3*02	12	<function coverage at 0x7f0699b9e730>
TTGGGGGGGAGCTAC	IGHV3-66*01	IGHJ6*02	5	<function coverage at 0x7f0699b9e730>
TGGGGGGGAGCTA	IGHV3-23*04	IGHJ4*02	5	<function coverage at 0x7f0699b9e730>
TGGGGGGGAGC	IGHV1-69D*01	IGHJ4*02	11	<function coverage at 0x7f0699b9e730>
TGGGGGGGAGCTA	IGHV4-59*01	IGHJ4*02	5	<function coverage at 0x7f0699b9e730>
TGGGGGGGAGC	IGHV1-69*01	IGHJ4*01	11	<function coverage at 0x7f0699b9e730>
TTGGGGGGGAGC	IGHV1-69D*01	IGHJ4*02	11	<function coverage at 0x7f0699b9e730>
TTGGGGGGGAGCTAC	IGHV3-23*04	IGHJ6*02	11	<function coverage at 0x7f0699b9e730>
TGGGGGGGAGC	IGHV1-18*01	IGHJ4*02	11	<function coverage at 0x7f0699b9e730>
TGGGGGGGAGCT	IGHV4-34*01	IGHJ6*02	17	<function coverage at 0x7f0699b9e730>
TGGGGGGGAGC	IGHV1-69*13	IGHJ4*02	11	<function coverage at 0x7f0699b9e730>
TGGGGGGGAGC	IGHV1-69*09	IGHJ4*02	11	<function coverage at 0x7f0699b9e730>
CGGGGGGGTGG	IGHV3-30-5*01	IGHJ6*02	5	<function coverage at 0x7f0699b9e730>
CGGGGGGGTGG	IGHV4-34*01	IGHJ4*02	9	<function coverage at 0x7f0699b9e730>
CGGGGGGGTGG	IGHV4-39*07	IGHJ5*02	5	<function coverage at 0x7f0699b9e730>
CGGGGGGGTGG	IGHV5-51*01	IGHJ4*02	6	<function coverage at 0x7f0699b9e730>
CGGGGGGGTGG	IGHV5-51*01	IGHJ6*02	5	<function coverage at 0x7f0699b9e730>
CGGGGGGGTGG	IGHV3-15*07	IGHJ4*02	5	<function coverage at 0x7f0699b9e730>
CGGGGGGGTGG	IGHV1-8*01	IGHJ6*02	4	<function coverage at 0x7f0699b9e730>
CGGGGGGGTGG	IGHV4-59*08	IGHJ6*03	11	<function coverage at 0x7f0699b9e730>
CGGGGGGGTGG	IGHV4-34*02	IGHJ4*02	9	<function coverage at 0x7f0699b9e730>
CGGGGGGGTGG	IGHV3-30-3*03	IGHJ6*02	12	<function coverage at 0x7f0699b9e730>
CGGGGGGGTGG	IGHV3-7*01	IGHJ6*02	12	<function coverage at 0x7f0699b9e730>
CGGGGGGGTGG	IGHV4-31*03	IGHJ2*01	17	<function coverage at 0x7f0699b9e730>
CGGGGGGGTGG	IGHV3-7*01	IGHJ4*02	9	<function coverage at 0x7f0699b9e730>
CGGGGGGGTGG	IGHV4-34*01	IGHJ4*02	16	<function coverage at 0x7f0699b9e730>
CGGGGGGGTGG	IGHV4-59*01	IGHJ5*02	5	<function coverage at 0x7f0699b9e730>
CGGGGGGGTGG	IGHV3-43*01	IGHJ6*02	5	<function coverage at 0x7f0699b9e730>
CGGGGGGGTGG	IGHV4-59*08	IGHJ5*02	5	<function coverage at 0x7f0699b9e730>
CGGGGGGGTGG	IGHV4-34*02	IGHJ5*02	5	<function coverage at 0x7f0699b9e730>
CGGGGGGGTGG	IGHV4-34*11	IGHJ5*02	5	<function coverage at 0x7f0699b9e730>
CGGGGGGGTGG	IGHV2-5*02	IGHJ3*01	14	<function coverage at 0x7f0699b9e730>
CGGGGGGGTGG	IGHV1-69D*01	IGHJ4*02	12	<function coverage at 0x7f0699b9e730>
CGGGGGGGTGG	IGHV2-70*01	IGHJ4*02	10	<function coverage at 0x7f0699b9e730>
CGGGGGGGTGG	IGHV1-46*01	IGHJ4*02	5	<function coverage at 0x7f0699b9e730>
CGGGGGGGTGG	IGHV3-48*04	IGHJ4*01	4	<function coverage at 0x7f0699b9e730>
CGGGGGGGTGG	IGHV4-39*01	IGHJ4*02	17	<function coverage at 0x7f0699b9e730>
TGGGGGGGTGG	IGHV3-30*19	IGHJ4*02	15	<function coverage at 0x7f0699b9e730>
TGGGGGGGTGG	IGHV3-64D*06	IGHJ4*02	4	<function coverage at 0x7f0699b9e730>
TTTGGGGGGGTGG	IGHV3-33*01	IGHJ4*02	15	<function coverage at 0x7f0699b9e730>
TGGGGGGGTGG	IGHV3-21*02	IGHJ4*02	5	<function coverage at 0x7f0699b9e730>
TGGGGGGGTGG	IGHV3-48*04	IGHJ3*02	9	<function coverage at 0x7f0699b9e730>
TGGGGGGGTGG	IGHV3-74*01	IGHJ5*02	9	<function coverage at 0x7f0699b9e730>
TGGGGGGGTGG	IGHV3-30-3*03	IGHJ6*02	12	<function coverage at 0x7f0699b9e730>
TGGGGGGGTGG	IGHV3-23*01	IGHJ4*02	12	<function coverage at 0x7f0699b9e730>
TTGGGGGGGTGG	IGHV1-18*01	IGHJ4*02	5	<function coverage at 0x7f0699b9e730>
TGGGGGGGTGG	IGHV1-58*01	IGHJ5*02	8	<function coverage at 0x7f0699b9e730>
TGGGGGGGTGG	IGHV3-30*18	IGHJ5*02	9	<function coverage at 0x7f0699b9e730>
TGGGGGGGTGG	IGHV3-48*04	IGHJ5*02	4	<function coverage at 0x7f0699b9e730>
TGGGGGGGTGG	IGHV3-43D*01	IGHJ4*02	16	<function coverage at 0x7f0699b9e730>
TGGGGGGGTGG	IGHV1-18*01	IGHJ6*02	12	<function coverage at 0x7f0699b9e730>
TGGGGGGGTGG	IGHV3-7*01	IGHJ1*01	5	<function coverage at 0x7f0699b9e730>
TGGGGGGGTGG	IGHV3-30-3*03	IGHJ4*02	15	<function coverage at 0x7f0699b9e730>
TGGGGGGGTGG	IGHV3-9*01	IGHJ4*02	8	<function coverage at 0x7f0699b9e730>
TTGGGGGGGTGG	IGHV3-11*01	IGHJ3*02	5	<function coverage at 0x7f0699b9e730>
TGGGGGGGTGG	IGHV3-66*01	IGHJ4*02	14	<function coverage at 0x7f0699b9e730>
TGGGGGGGTGG	IGHV3-30*04	IGHJ4*02	15	<function coverage at 0x7f0699b9e730>
TTGGGGGGGTGG	IGHV3-9*01	IGHJ6*02	0	<function coverage at 0x7f0699b9e730>
TTGGGGGGGTGG	IGHV1-69*04	IGHJ5*02	15	<function coverage at 0x7f0699b9e730>
TGGGGGGGTGG	IGHV1-69*06	IGHJ5*02	8	<function coverage at 0x7f0699b9e730>
TGGGGGGGTGG	IGHV1-2*04	IGHJ5*02	13	<function coverage at 0x7f0699b9e730>
TTGGGGGGGTGG	IGHV1-18*01	IGHJ5*02	15	<function coverage at 0x7f0699b9e730>
TGGGGGGGTGG	IGHV3-21*01	IGHJ4*02	15	<function coverage at 0x7f0699b9e730>
TGGGGGGGTGG	IGHV1-2*02	IGHJ3*02	17	<function coverage at 0x7f0699b9e730>
GTTTGGGGGGGTGG	IGHV3-15*04	IGHJ4*02	13	<function coverage at 0x7f0699b9e730>
TGGGGGGGTGG	IGHV3-48*04	IGHJ4*02	5	<function coverage at 0x7f0699b9e730>
TGGGGGGGTGG	IGHV3-74*02	IGHJ5*02	9	<function coverage at 0x7f0699b9e730>
TGGGGGGGTGG	IGHV3-23D*01	IGHJ4*02	12	<function coverage at 0x7f0699b9e730>
AGGGGGGGAGCTACTC	IGHV3-23D*01	IGHJ5*02	8	<function coverage at 0x7f0699b9e730>
AGGGGGGGAGCTACT	IGHV1-46*01	IGHJ4*02	12	<function coverage at 0x7f0699b9e730>
TAGGGGGGGAGCT	IGHV3-21*01	IGHJ6*02	3	<function coverage at 0x7f0699b9e730>
AGGGGGGGAGC	IGHV1-69*01	IGHJ3*02	16	<function coverage at 0x7f0699b9e730>
TAGGGGGGGAGCT	IGHV3-33*06	IGHJ4*02	10	<function coverage at 0x7f0699b9e730>
AGGGGGGGAGC	IGHV4-59*01	IGHJ4*02	13	<function coverage at 0x7f0699b9e730>
AGGGGGGGAGC	IGHV1-69D*01	IGHJ4*02	11	<function coverage at 0x7f0699b9e730>
AGGGGGGGAGC	IGHV4-38-2*02	IGHJ5*02	0	<function coverage at 0x7f0699b9e730>
AGGGGGGGAGC	IGHV4-39*07	IGHJ4*02	4	<function coverage at 0x7f0699b9e730>
AGGGGGGGAGCTAC	IGHV3-33*05	IGHJ6*02	5	<function coverage at 0x7f0699b9e730>
AGGGGGGGAGC	IGHV1-18*01	IGHJ4*02	5	<function coverage at 0x7f0699b9e730>
AGGGGGGGAGC	IGHV3-30-3*02	IGHJ4*02	15	<function coverage at 0x7f0699b9e730>
AGGGGGGGAGCTACTC	IGHV3-48*02	IGHJ4*02	5	<function coverage at 0x7f0699b9e730>
AGGGGGGGAGCTACTAC	IGHV1-8*01	IGHJ4*02	9	<function coverage at 0x7f0699b9e730>
AGGGGGGGAGCTACT	IGHV1-2*04	IGHJ4*01	5	<function coverage at 0x7f0699b9e730>
AGGGGGGGAGC	IGHV1-69D*01	IGHJ3*01	16	<function coverage at 0x7f0699b9e730>
AGGGGGGGAGCTACTAC	IGHV3-33*01	IGHJ4*02	9	<function coverage at 0x7f0699b9e730>
AGGGGGGGTGG	IGHV3-48*04	IGHJ5*02	4	<function coverage at 0x7f0699b9e730>
AGGGGGGGTGG	IGHV4-59*01	IGHJ4*02	5	<function coverage at 0x7f0699b9e730>
AGGGGGGGTGG	IGHV3-30-3*03	IGHJ4*01	15	<function coverage at 0x7f0699b9e730>
AGGGGGGGTGG	IGHV3-33*01	IGHJ6*02	5	<function coverage at 0x7f0699b9e730>
TAGGGGGGGTGG	IGHV4-59*01	IGHJ3*02	1	<function coverage at 0x7f0699b9e730>
AGGGGGGGTGG	IGHV1-46*01	IGHJ4*02	5	<function coverage at 0x7f0699b9e730>
AGGGGGGGTGG	IGHV3-7*03	IGHJ6*02	13	<function coverage at 0x7f0699b9e730>
AGGGGGGGTGG	IGHV2-5*02	IGHJ4*02	17	<function coverage at 0x7f0699b9e730>
AGGGGGGGTGG	IGHV4-34*01	IGHJ4*02	13	<function coverage at 0x7f0699b9e730>
TAGGGGGGGTGG	IGHV3-49*05	IGHJ6*02	12	<function coverage at 0x7f0699b9e730>
AGGGGGGGTGG	IGHV3-53*01	IGHJ4*02	5	<function coverage at 0x7f0699b9e730>
AGGGGGGGTGG	IGHV1-69*13	IGHJ5*02	0	<function coverage at 0x7f0699b9e730>
AGGGGGGGTGG	IGHV2-5*02	IGHJ5*02	14	<function coverage at 0x7f0699b9e730>
AGGGGGGGTGG	IGHV1-69D*01	IGHJ6*02	13	<function coverage at 0x7f0699b9e730>
AGGGGGGGTGG	IGHV4-31*03	IGHJ4*02	14	<function coverage at 0x7f0699b9e730>
TAGGGGGGGTGG	IGHV1-8*01	IGHJ3*02	9	<function coverage at 0x7f0699b9e730>
AGGGGGGGTGG	IGHV4-59*03	IGHJ4*02	5	<function coverage at 0x7f0699b9e730>
AGGGGGGGTGG	IGHV3-7*03	IGHJ4*02	8	<function coverage at 0x7f0699b9e730>
AGGGGGGGTGG	IGHV3-74*02	IGHJ2*01	13	<function coverage at 0x7f0699b9e730>
AGGGGGGGTGG	IGHV4-59*03	IGHJ5*02	5	<function coverage at 0x7f0699b9e730>
AGGGGGGGTGG	IGHV1-69*04	IGHJ5*02	13	<function coverage at 0x7f0699b9e730>
AGGGGGGGTGG	IGHV4-34*01	IGHJ4*02	16	<function coverage at 0x7f0699b9e730>
AGGGGGGGTGG	IGHV3-30*18	IGHJ4*02	1	<function coverage at 0x7f0699b9e730>
AGGGGGGGTGG	IGHV3-53*02	IGHJ4*02	5	<function coverage at 0x7f0699b9e730>
AGGGGGGGTGG	IGHV2-5*02	IGHJ4*02	5	<function coverage at 0x7f0699b9e730>
AGGGGGGGTGG	IGHV1-69*04	IGHJ2*01	8	<function coverage at 0x7f0699b9e730>
AGGGGGGGTGG	IGHV3-23*04	IGHJ4*02	13	<function coverage at 0x7f0699b9e730>
AGGGGGGGTGG	IGHV4-38-2*02	IGHJ4*02	11	<function coverage at 0x7f0699b9e730>
AGGGGGGGTGG	IGHV3-30*03	IGHJ4*02	11	<function coverage at 0x7f0699b9e730>
CGGGGGGGAGC	IGHV3-74*01	IGHJ1*01	17	<function coverage at 0x7f0699b9e730>
CGGGGGGGAGC	IGHV3-48*01	IGHJ6*02	5	<function coverage at 0x7f0699b9e730>
CGGGGGGGAGCTACTC	IGHV3-7*03	IGHJ4*02	11	<function coverage at 0x7f0699b9e730>
CGGGGGGGAGC	IGHV3-23D*02	IGHJ4*02	10	<function coverage at 0x7f0699b9e730>
CGGGGGGGAGC	IGHV1-69D*01	IGHJ4*02	11	<function coverage at 0x7f0699b9e730>
CGGGGGGGAGCTACT	IGHV3-21*01	IGHJ6*03	6	<function coverage at 0x7f0699b9e730>
CGGGGGGGAGCTACTAC	IGHV1-18*01	IGHJ6*02	11	<function coverage at 0x7f0699b9e730>
CGGGGGGGAGC	IGHV3-33*01	IGHJ4*02	14	<function coverage at 0x7f0699b9e730>
CGGGGGGGAGCTACTC	IGHV4-59*01	IGHJ4*02	12	<function coverage at 0x7f0699b9e730>
CGGGGGGGAGC	IGHV1-18*01	IGHJ4*02	16	<function coverage at 0x7f0699b9e730>
CGGGGGGGAGC	IGHV1-69*01	IGHJ4*02	16	<function coverage at 0x7f0699b9e730>
CGGGGGGGAGCTAC	IGHV4-4*02	IGHJ2*01	5	<function coverage at 0x7f0699b9e730>
CGGGGGGGAGCT	IGHV1-2*02	IGHJ4*02	11	<function coverage at 0x7f0699b9e730>
CGGGGGGGAGCTAC	IGHV3-13*04	IGHJ4*02	11	<function coverage at 0x7f0699b9e730>
CGGGGGGGAGC	IGHV3-11*06	IGHJ6*02	5	<function coverage at 0x7f0699b9e730>
CGGGGGGGAGCTA	IGHV3-66*01	IGHJ4*02	12	<function coverage at 0x7f0699b9e730>
